{
  "project_info": {
    "project_number": "392746865602",
    "firebase_url": "https://asemancloud.firebaseio.com",
    "project_id": "asemancloud",
    "storage_bucket": "asemancloud.appspot.com"
  },
  "client": [
    {
      "client_info": {
        "mobilesdk_app_id": "1:392746865602:android:6c75553dddf67a9b",
        "android_client_info": {
          "package_name": "kasper.android.pulse"
        }
      },
      "oauth_client": [
        {
          "client_id": "392746865602-542j453ab32ml52s273smqmj2fiq1cdn.apps.googleusercontent.com",
          "client_type": 3
        }
      ],
      "api_key": [
        {
          "current_key": "AIzaSyAiZV-0YCnDvY0eLHWnOeL3JhzTBHoI4fo"
        }
      ],
      "services": {
        "analytics_service": {
          "status": 1
        },
        "appinvite_service": {
          "status": 1,
          "other_platform_oauth_client": []
        },
        "ads_service": {
          "status": 2
        }
      }
    }
  ],
  "configuration_version": "1"
}